How the economy splits,,,,,Industries per sector,,,,,Taxonomy
Super-sector,Sectors,Industries,Groups,,Section,Sector,Industries,Groups,,
Primary,2,8,23,,"A · Agriculture, forestry and fishing",Primary,3,13,,
Secondary,4,32,88,,B · Mining and quarrying,Primary,5,10,,
Tertiary,15,48,127,,C · Manufacturing,Secondary,24,71,,
,,,,,"D · Electricity, gas, steam and air conditioning supply",Secondary,1,3,,
,,,,,"E · Water supply; sewerage, waste management and remediation activities",Secondary,4,6,,
,,,,,F · Construction,Secondary,3,8,,
,,,,,G · Wholesale and retail trade; repair of motor vehicles and motorcycles,Tertiary,3,20,,
,,,,,H · Transportation and storage,Tertiary,5,11,,
,,,,,I · Accommodation and Food service activities,Tertiary,2,6,,
,,,,,J · Information and communication,Tertiary,6,13,,
,,,,,K · Financial and insurance activities,Tertiary,3,10,,
,,,,,L · Real estate activities,Tertiary,1,2,,
,,,,,"M · Professional, scientific and technical activities",Tertiary,7,14,,
,,,,,N · Administrative and support service activities,Tertiary,6,19,,
,,,,,O · Public administration and defence; compulsory social security,Tertiary,1,3,,
,,,,,P · Education,Tertiary,1,5,,
,,,,,Q · Human health and social work activities,Tertiary,3,9,,
,,,,,"R · Arts, entertainment and recreation",Tertiary,4,5,,
,,,,,S · Other service activities,Tertiary,3,6,,
,,,,,T · Activities of households as employers; undifferentiated goods- and services producing activities of households for own use,Tertiary,2,3,,
,,,,,U · Activities of extraterritorial organizations and bodies,Tertiary,1,1,,